{
  "current-scene": "4dec59bd-fb13-4d90-a368-57797c1938eb",
  "gizmos-infos": {
    "iconGizmoSize": 2,
    "isGridVisible": true,
    "isIconGizmo3D": false
  },
  "camera-infos": {
    "f46876e4-e81b-4931-b493-6d367be385e7": {
      "position": {
        "x": 3.418732605189261,
        "y": 4.7999734230734985,
        "z": 7.225519458015484
      },
      "rotation": {
        "w": 0.9279042342745443,
        "x": -0.15123107526283291,
        "y": 0.28712614988069773,
        "z": 0.06682693657216848
      },
      "viewCenter": {
        "x": 2.4386095888862585,
        "y": 4.190011361158732,
        "z": 5.77215587481997
      }
    }
  },
  "camera-uuids": [
    "f46876e4-e81b-4931-b493-6d367be385e7"
  ]
}
