{
  "current-scene": "4dec59bd-fb13-4d90-a368-57797c1938eb",
  "gizmos-infos": {
    "iconGizmoSize": 2,
    "isGridVisible": true,
    "isIconGizmo3D": false
  },
  "camera-infos": {
    "f46876e4-e81b-4931-b493-6d367be385e7": {
      "position": {
        "x": 2.4367016624900666,
        "y": 3.6612336153052523,
        "z": 2.048795647000948
      },
      "rotation": {
        "w": 0.8201098072905084,
        "x": -0.421802339565003,
        "y": 0.3366903844849283,
        "z": 0.16892387439117784
      },
      "viewCenter": {
        "x": 0.3879956533908844,
        "y": -0.36675918102264404,
        "z": -0.0003930664304636622
      }
    }
  },
  "camera-uuids": [
    "f46876e4-e81b-4931-b493-6d367be385e7"
  ]
}
