{
  "current-scene": "35bcd84a-6383-4a98-872c-283225ffd14a",
  "gizmos-infos": {
    "iconGizmoSize": 2,
    "isGridVisible": true,
    "isIconGizmo3D": false
  },
  "camera-infos": {
    "f46876e4-e81b-4931-b493-6d367be385e7": {
      "position": {
        "x": -2.5610602701558296,
        "y": 1.1784387579454232,
        "z": 3.1764020164071725
      },
      "rotation": {
        "w": 0.9123883021761265,
        "x": -0.1673439174054287,
        "y": -0.34732399143639336,
        "z": -0.07309257718179069
      },
      "viewCenter": {
        "x": 1024.3533156604428,
        "y": -599.0329981368017,
        "z": -1158.28037386223
      }
    }
  },
  "camera-uuids": [
    "f46876e4-e81b-4931-b493-6d367be385e7"
  ]
}
