{
  "current-scene": "41f9babf-23a8-47c1-baad-1fd84cb42e42",
  "gizmos-infos": {
    "iconGizmoSize": 2,
    "isGridVisible": true,
    "isIconGizmo3D": false
  },
  "camera-infos": {
    "f46876e4-e81b-4931-b493-6d367be385e7": {
      "position": {
        "x": 10.111114080396517,
        "y": 50.65010266827973,
        "z": 4.222009786931643
      },
      "rotation": {
        "w": -0.6424393922090017,
        "x": 0.3137347624696315,
        "y": -0.6475323767703988,
        "z": -0.2504147011234943
      },
      "viewCenter": {
        "x": 8.581213343083373,
        "y": 49.00109347019556,
        "z": 4.317882982474119
      }
    }
  },
  "camera-uuids": [
    "f46876e4-e81b-4931-b493-6d367be385e7"
  ]
}
