{
  "current-scene": "0d176bf9-27ea-41dc-b051-9cf849267c7c",
  "gizmos-infos": {
    "iconGizmoSize": 2,
    "isGridVisible": true,
    "isIconGizmo3D": false
  },
  "camera-infos": {
    "f46876e4-e81b-4931-b493-6d367be385e7": {
      "position": {
        "x": 0.5066837570099488,
        "y": 0.2492534954093446,
        "z": 3.4662197406792314
      },
      "rotation": {
        "w": -0.9798048615432791,
        "x": 0.02782402606092861,
        "y": 0.19123138880022306,
        "z": 0.030863109249675506
      },
      "viewCenter": {
        "x": 11.787621558074834,
        "y": -1.7566488963123104,
        "z": -24.46615189667405
      }
    }
  },
  "camera-uuids": [
    "f46876e4-e81b-4931-b493-6d367be385e7"
  ]
}
