{
  "current-scene": "0d176bf9-27ea-41dc-b051-9cf849267c7c",
  "gizmos-infos": {
    "iconGizmoSize": 2,
    "isGridVisible": true,
    "isIconGizmo3D": false
  },
  "camera-infos": {
    "f46876e4-e81b-4931-b493-6d367be385e7": {
      "position": {
        "x": 14.347770337473676,
        "y": 30.681256905947563,
        "z": -22.34427078735753
      },
      "rotation": {
        "w": -0.1574323079690556,
        "x": 0.08151223491983872,
        "y": -0.8695498062444308,
        "z": -0.343337876090982
      },
      "viewCenter": {
        "x": 13.238026977161793,
        "y": 27.508386256022657,
        "z": -19.18499721519977
      }
    }
  },
  "camera-uuids": [
    "f46876e4-e81b-4931-b493-6d367be385e7"
  ]
}
