{
  "current-scene": "41f9babf-23a8-47c1-baad-1fd84cb42e42",
  "gizmos-infos": {
    "iconGizmoSize": 2,
    "isGridVisible": true,
    "isIconGizmo3D": false
  },
  "camera-infos": {
    "f46876e4-e81b-4931-b493-6d367be385e7": {
      "position": {
        "x": -102.62339676877681,
        "y": 595.6778065688923,
        "z": -883.4058907680055
      },
      "rotation": {
        "w": 0.0641600470420994,
        "x": -0.04731541298053647,
        "y": -0.9518866174252063,
        "z": -0.2863462321163649
      },
      "viewCenter": {
        "x": 304.5503372722089,
        "y": -1765.6111841486388,
        "z": 2638.828353538953
      }
    }
  },
  "camera-uuids": [
    "f46876e4-e81b-4931-b493-6d367be385e7"
  ]
}
